Array Size,Time Taken (seconds),Memory Used (bytes)
1,0.000144,688
2,0.000054,712
3,0.000060,736
4,0.000064,760
5,0.000066,816
6,0.000067,840
7,0.000186,864
8,0.000106,888
9,0.000072,976
10,0.000067,1000
