Array Size,Time Taken (seconds),Memory Used (bytes)
1,0.000002,4
2,0.000001,8
3,0.000001,12
4,0.000001,16
5,0.000001,20
